id_venda,data_venda,cliente,produto,categoria,regiao,quantidade,preco_unitario,receita_total,mes,trimestre,ano,faixa_receita_item
1,2024-08-20,Cliente_ 17,Smartphone,Celulares,Sudeste,8.0,2200.0,17600.0,8,Q3,2024,Alto Valor
2,2024-02-11,Cliente_ 07,Teclado,Periféricos,Nordeste,2.0,250.0,500.0,2,Q1,2024,Médio Valor
3,2024-04-14,Cliente_ 14,Smartphone,Celulares,Sul,5.0,2200.0,11000.0,4,Q2,2024,Alto Valor
4,2024-10-11,Cliente_ 21,Monitor,Computadores,Sudeste,8.0,1200.0,9600.0,10,Q4,2024,Alto Valor
5,2024-11-04,Cliente_ 27,Smartphone,Celulares,Sudeste,1.0,2200.0,2200.0,11,Q4,2024,Médio Valor
6,2024-08-17,Cliente_ 25,Mouse,Periféricos,Sudeste,4.0,120.0,480.0,8,Q3,2024,Baixo Valor
7,2024-11-12,Cliente_ 17,Teclado,Periféricos,Nordeste,4.0,250.0,1000.0,11,Q4,2024,Médio Valor
8,2024-09-04,Cliente_ 14,Teclado,Periféricos,Nordeste,6.0,250.0,1500.0,9,Q3,2024,Médio Valor
9,2024-09-19,Cliente_ 19,Smartphone,Celulares,Nordeste,7.0,2200.0,15400.0,9,Q3,2024,Alto Valor
10,2024-05-20,Cliente_ 08,Smartphone,Celulares,Nordeste,1.0,2200.0,2200.0,5,Q2,2024,Médio Valor
11,2024-04-20,Cliente_ 01,Teclado,Periféricos,Sudeste,10.0,250.0,2500.0,4,Q2,2024,Médio Valor
12,2024-09-25,Cliente_ 04,Monitor,Computadores,Centro-Oeste,4.0,1200.0,4800.0,9,Q3,2024,Médio Valor
13,2024-11-12,Cliente_ 15,Mouse,Periféricos,Sul,3.0,120.0,360.0,11,Q4,2024,Baixo Valor
14,2024-01-25,Cliente_ 07,Notebook,Computadores,Sudeste,8.0,3500.0,28000.0,1,Q1,2024,Alto Valor
15,2024-02-04,Cliente_ 15,Notebook,Computadores,Nordeste,5.0,3500.0,17500.0,2,Q1,2024,Alto Valor
16,2024-09-25,Cliente_ 07,Mouse,Periféricos,Centro-Oeste,8.0,120.0,960.0,9,Q3,2024,Médio Valor
22,2024-09-16,Cliente_ 30,Mouse,Periféricos,Sul,6.0,120.0,720.0,9,Q3,2024,Médio Valor
23,2024-10-08,Cliente_ 14,Teclado,Periféricos,Norte,10.0,250.0,2500.0,10,Q4,2024,Médio Valor
24,2024-02-26,Cliente_ 02,Teclado,Periféricos,Centro-Oeste,9.0,250.0,2250.0,2,Q1,2024,Médio Valor
25,2024-12-28,Cliente_ 14,Monitor,Computadores,Sudeste,7.0,1200.0,8400.0,12,Q4,2024,Alto Valor
26,2024-09-03,Cliente_ 19,Teclado,Periféricos,Sul,3.0,250.0,750.0,9,Q3,2024,Médio Valor
27,2024-10-26,Cliente_ 23,Smartphone,Celulares,Sudeste,9.0,2200.0,19800.0,10,Q4,2024,Alto Valor
28,2024-06-14,Cliente_ 10,Mouse,Periféricos,Sul,8.0,120.0,960.0,6,Q2,2024,Médio Valor
30,2024-09-01,Cliente_ 22,Mouse,Periféricos,Norte,1.0,120.0,120.0,9,Q3,2024,Baixo Valor
31,2024-01-16,Cliente_ 06,Teclado,Periféricos,Sudeste,5.0,250.0,1250.0,1,Q1,2024,Médio Valor
33,2024-06-05,Cliente_ 03,Notebook,Computadores,Sul,5.0,3500.0,17500.0,6,Q2,2024,Alto Valor
34,2024-11-27,Cliente_ 11,Tablet,Celulares,Norte,10.0,1800.0,18000.0,11,Q4,2024,Alto Valor
35,2024-05-17,Cliente_ 07,Smartphone,Celulares,Norte,6.0,2200.0,13200.0,5,Q2,2024,Alto Valor
36,2024-11-02,Cliente_ 01,Smartphone,Celulares,Sudeste,8.0,2200.0,17600.0,11,Q4,2024,Alto Valor
37,2024-08-05,Cliente_ 09,Monitor,Computadores,Sul,1.0,1200.0,1200.0,8,Q3,2024,Médio Valor
39,2024-02-17,Cliente_ 07,Mouse,Periféricos,Norte,7.0,120.0,840.0,2,Q1,2024,Médio Valor
40,2024-01-12,Cliente_ 02,Smartphone,Celulares,Sudeste,7.0,2200.0,15400.0,1,Q1,2024,Alto Valor
41,2024-12-01,Cliente_ 10,Tablet,Celulares,Norte,1.0,1800.0,1800.0,12,Q4,2024,Médio Valor
42,2024-06-15,Cliente_ 13,Monitor,Computadores,Norte,6.0,1200.0,7200.0,6,Q2,2024,Alto Valor
43,2024-09-12,Cliente_ 01,Monitor,Computadores,Norte,4.0,1200.0,4800.0,9,Q3,2024,Médio Valor
44,2024-04-22,Cliente_ 09,Tablet,Celulares,Centro-Oeste,8.0,1800.0,14400.0,4,Q2,2024,Alto Valor
45,2024-12-30,Cliente_ 12,Tablet,Celulares,Nordeste,6.0,1800.0,10800.0,12,Q4,2024,Alto Valor
47,2024-09-02,Cliente_ 29,Tablet,Celulares,Sudeste,7.0,1800.0,12600.0,9,Q3,2024,Alto Valor
48,2024-04-03,Cliente_ 07,Monitor,Computadores,Norte,5.0,1200.0,6000.0,4,Q2,2024,Alto Valor
49,2024-11-09,Cliente_ 14,Notebook,Computadores,Sul,6.0,3500.0,21000.0,11,Q4,2024,Alto Valor
50,2024-05-06,Cliente_ 29,Teclado,Periféricos,Sudeste,7.0,250.0,1750.0,5,Q2,2024,Médio Valor
51,2024-01-05,Cliente_ 15,Tablet,Celulares,Centro-Oeste,7.0,1800.0,12600.0,1,Q1,2024,Alto Valor
52,2024-03-05,Cliente_ 01,Mouse,Periféricos,Centro-Oeste,9.0,120.0,1080.0,3,Q1,2024,Médio Valor
54,2024-05-31,Cliente_ 22,Monitor,Computadores,Centro-Oeste,5.0,1200.0,6000.0,5,Q2,2024,Alto Valor
57,2024-11-10,Cliente_ 09,Teclado,Periféricos,Sudeste,8.0,250.0,2000.0,11,Q4,2024,Médio Valor
59,2024-08-12,Cliente_ 10,Monitor,Computadores,Sudeste,5.0,1200.0,6000.0,8,Q3,2024,Alto Valor
60,2024-03-03,Cliente_ 02,Notebook,Computadores,Sudeste,7.0,3500.0,24500.0,3,Q1,2024,Alto Valor
61,2024-09-27,Cliente_ 12,Mouse,Periféricos,Sudeste,2.0,120.0,240.0,9,Q3,2024,Baixo Valor
62,2024-12-11,Cliente_ 19,Tablet,Celulares,Nordeste,10.0,1800.0,18000.0,12,Q4,2024,Alto Valor
63,2024-05-26,Cliente_ 22,Teclado,Periféricos,Nordeste,10.0,250.0,2500.0,5,Q2,2024,Médio Valor
64,2024-11-20,Cliente_ 05,Monitor,Computadores,Centro-Oeste,9.0,1200.0,10800.0,11,Q4,2024,Alto Valor
65,2024-11-20,Cliente_ 27,Tablet,Celulares,Centro-Oeste,3.0,1800.0,5400.0,11,Q4,2024,Alto Valor
66,2024-11-21,Cliente_ 20,Tablet,Celulares,Centro-Oeste,9.0,1800.0,16200.0,11,Q4,2024,Alto Valor
67,2024-09-03,Cliente_ 17,Teclado,Periféricos,Centro-Oeste,7.0,250.0,1750.0,9,Q3,2024,Médio Valor
68,2024-06-17,Cliente_ 06,Mouse,Periféricos,Sul,3.0,120.0,360.0,6,Q2,2024,Baixo Valor
69,2024-02-11,Cliente_ 18,Mouse,Periféricos,Centro-Oeste,2.0,120.0,240.0,2,Q1,2024,Baixo Valor
70,2024-06-05,Cliente_ 25,Monitor,Computadores,Norte,10.0,1200.0,12000.0,6,Q2,2024,Alto Valor
71,2024-10-18,Cliente_ 01,Tablet,Celulares,Centro-Oeste,9.0,1800.0,16200.0,10,Q4,2024,Alto Valor
73,2024-06-26,Cliente_ 20,Notebook,Computadores,Nordeste,2.0,3500.0,7000.0,6,Q2,2024,Alto Valor
74,2024-04-02,Cliente_ 21,Notebook,Computadores,Norte,8.0,3500.0,28000.0,4,Q2,2024,Alto Valor
75,2024-06-22,Cliente_ 28,Mouse,Periféricos,Centro-Oeste,9.0,120.0,1080.0,6,Q2,2024,Médio Valor
76,2024-12-07,Cliente_ 25,Monitor,Computadores,Norte,10.0,1200.0,12000.0,12,Q4,2024,Alto Valor
77,2024-05-23,Cliente_ 06,Notebook,Computadores,Norte,2.0,3500.0,7000.0,5,Q2,2024,Alto Valor
78,2024-04-22,Cliente_ 04,Smartphone,Celulares,Norte,5.0,2200.0,11000.0,4,Q2,2024,Alto Valor
79,2024-05-27,Cliente_ 29,Mouse,Periféricos,Centro-Oeste,10.0,120.0,1200.0,5,Q2,2024,Médio Valor
80,2024-01-27,Cliente_ 22,Teclado,Periféricos,Nordeste,6.0,250.0,1500.0,1,Q1,2024,Médio Valor
81,2024-06-03,Cliente_ 15,Smartphone,Celulares,Centro-Oeste,6.0,2200.0,13200.0,6,Q2,2024,Alto Valor
82,2024-01-18,Cliente_ 30,Notebook,Computadores,Norte,1.0,3500.0,3500.0,1,Q1,2024,Médio Valor
83,2024-10-08,Cliente_ 19,Mouse,Periféricos,Sudeste,9.0,120.0,1080.0,10,Q4,2024,Médio Valor
84,2024-01-13,Cliente_ 12,Tablet,Celulares,Sul,9.0,1800.0,16200.0,1,Q1,2024,Alto Valor
85,2024-08-18,Cliente_ 06,Mouse,Periféricos,Centro-Oeste,4.0,120.0,480.0,8,Q3,2024,Baixo Valor
86,2024-12-22,Cliente_ 03,Monitor,Computadores,Nordeste,8.0,1200.0,9600.0,12,Q4,2024,Alto Valor
87,2024-04-07,Cliente_ 03,Tablet,Celulares,Norte,7.0,1800.0,12600.0,4,Q2,2024,Alto Valor
89,2024-10-30,Cliente_ 16,Tablet,Celulares,Sudeste,6.0,1800.0,10800.0,10,Q4,2024,Alto Valor
90,2024-05-22,Cliente_ 18,Teclado,Periféricos,Sudeste,8.0,250.0,2000.0,5,Q2,2024,Médio Valor
91,2024-03-18,Cliente_ 27,Mouse,Periféricos,Norte,5.0,120.0,600.0,3,Q1,2024,Médio Valor
92,2024-10-13,Cliente_ 20,Smartphone,Celulares,Sudeste,1.0,2200.0,2200.0,10,Q4,2024,Médio Valor
93,2024-12-17,Cliente_ 09,Monitor,Computadores,Centro-Oeste,3.0,1200.0,3600.0,12,Q4,2024,Médio Valor
94,2024-04-02,Cliente_ 16,Tablet,Celulares,Centro-Oeste,1.0,1800.0,1800.0,4,Q2,2024,Médio Valor
95,2024-03-08,Cliente_ 29,Mouse,Periféricos,Centro-Oeste,6.0,120.0,720.0,3,Q1,2024,Médio Valor
96,2024-01-06,Cliente_ 08,Monitor,Computadores,Sudeste,2.0,1200.0,2400.0,1,Q1,2024,Médio Valor
97,2024-09-21,Cliente_ 16,Teclado,Periféricos,Sul,7.0,250.0,1750.0,9,Q3,2024,Médio Valor
98,2024-07-21,Cliente_ 06,Mouse,Periféricos,Sudeste,7.0,120.0,840.0,7,Q3,2024,Médio Valor
99,2024-04-06,Cliente_ 29,Tablet,Celulares,Nordeste,7.0,1800.0,12600.0,4,Q2,2024,Alto Valor
100,2024-03-28,Cliente_ 14,Mouse,Periféricos,Sul,5.0,120.0,600.0,3,Q1,2024,Médio Valor
101,2024-02-03,Cliente_ 16,Smartphone,Celulares,Sul,8.0,2200.0,17600.0,2,Q1,2024,Alto Valor
102,2024-10-03,Cliente_ 23,Teclado,Periféricos,Sudeste,1.0,250.0,250.0,10,Q4,2024,Baixo Valor
103,2024-09-14,Cliente_ 25,Mouse,Periféricos,Sudeste,3.0,120.0,360.0,9,Q3,2024,Baixo Valor
104,2024-08-15,Cliente_ 15,Smartphone,Celulares,Nordeste,1.0,2200.0,2200.0,8,Q3,2024,Médio Valor
105,2024-10-26,Cliente_ 23,Smartphone,Celulares,Norte,5.0,2200.0,11000.0,10,Q4,2024,Alto Valor
106,2024-12-28,Cliente_ 15,Notebook,Computadores,Sul,4.0,3500.0,14000.0,12,Q4,2024,Alto Valor
107,2024-02-27,Cliente_ 17,Mouse,Periféricos,Sudeste,5.0,120.0,600.0,2,Q1,2024,Médio Valor
108,2024-12-07,Cliente_ 18,Teclado,Periféricos,Nordeste,9.0,250.0,2250.0,12,Q4,2024,Médio Valor
109,2024-07-20,Cliente_ 06,Smartphone,Celulares,Sudeste,9.0,2200.0,19800.0,7,Q3,2024,Alto Valor
110,2024-11-24,Cliente_ 02,Tablet,Celulares,Nordeste,4.0,1800.0,7200.0,11,Q4,2024,Alto Valor
111,2024-08-28,Cliente_ 25,Smartphone,Celulares,Sul,8.0,2200.0,17600.0,8,Q3,2024,Alto Valor
112,2024-06-04,Cliente_ 03,Mouse,Periféricos,Sudeste,4.0,120.0,480.0,6,Q2,2024,Baixo Valor
113,2024-07-28,Cliente_ 20,Smartphone,Celulares,Sudeste,8.0,2200.0,17600.0,7,Q3,2024,Alto Valor
115,2024-08-29,Cliente_ 05,Mouse,Periféricos,Sudeste,4.0,120.0,480.0,8,Q3,2024,Baixo Valor
117,2024-11-10,Cliente_ 17,Smartphone,Celulares,Centro-Oeste,9.0,2200.0,19800.0,11,Q4,2024,Alto Valor
118,2024-01-26,Cliente_ 02,Tablet,Celulares,Sudeste,4.0,1800.0,7200.0,1,Q1,2024,Alto Valor
119,2024-05-21,Cliente_ 24,Notebook,Computadores,Norte,7.0,3500.0,24500.0,5,Q2,2024,Alto Valor
120,2024-12-10,Cliente_ 27,Tablet,Celulares,Centro-Oeste,5.0,1800.0,9000.0,12,Q4,2024,Alto Valor
122,2024-03-09,Cliente_ 21,Monitor,Computadores,Nordeste,7.0,1200.0,8400.0,3,Q1,2024,Alto Valor
124,2024-03-13,Cliente_ 09,Monitor,Computadores,Nordeste,5.0,1200.0,6000.0,3,Q1,2024,Alto Valor
125,2024-03-08,Cliente_ 04,Teclado,Periféricos,Centro-Oeste,2.0,250.0,500.0,3,Q1,2024,Médio Valor
126,2024-08-10,Cliente_ 04,Monitor,Computadores,Nordeste,4.0,1200.0,4800.0,8,Q3,2024,Médio Valor
127,2024-09-14,Cliente_ 09,Teclado,Periféricos,Norte,8.0,250.0,2000.0,9,Q3,2024,Médio Valor
128,2024-05-20,Cliente_ 22,Tablet,Celulares,Nordeste,2.0,1800.0,3600.0,5,Q2,2024,Médio Valor
129,2024-05-23,Cliente_ 17,Smartphone,Celulares,Sudeste,7.0,2200.0,15400.0,5,Q2,2024,Alto Valor
131,2024-09-08,Cliente_ 30,Smartphone,Celulares,Sul,7.0,2200.0,15400.0,9,Q3,2024,Alto Valor
132,2024-03-02,Cliente_ 21,Notebook,Computadores,Sul,8.0,3500.0,28000.0,3,Q1,2024,Alto Valor
133,2024-10-22,Cliente_ 02,Monitor,Computadores,Nordeste,3.0,1200.0,3600.0,10,Q4,2024,Médio Valor
134,2024-01-23,Cliente_ 30,Monitor,Computadores,Centro-Oeste,10.0,1200.0,12000.0,1,Q1,2024,Alto Valor
135,2024-03-28,Cliente_ 17,Mouse,Periféricos,Nordeste,6.0,120.0,720.0,3,Q1,2024,Médio Valor
136,2024-11-09,Cliente_ 13,Teclado,Periféricos,Centro-Oeste,10.0,250.0,2500.0,11,Q4,2024,Médio Valor
137,2024-06-11,Cliente_ 25,Notebook,Computadores,Nordeste,4.0,3500.0,14000.0,6,Q2,2024,Alto Valor
138,2024-01-27,Cliente_ 12,Teclado,Periféricos,Nordeste,8.0,250.0,2000.0,1,Q1,2024,Médio Valor
139,2024-03-29,Cliente_ 07,Mouse,Periféricos,Nordeste,10.0,120.0,1200.0,3,Q1,2024,Médio Valor
140,2024-05-11,Cliente_ 05,Monitor,Computadores,Nordeste,6.0,1200.0,7200.0,5,Q2,2024,Alto Valor
142,2024-03-19,Cliente_ 23,Teclado,Periféricos,Sul,2.0,250.0,500.0,3,Q1,2024,Médio Valor
143,2024-08-13,Cliente_ 17,Monitor,Computadores,Nordeste,9.0,1200.0,10800.0,8,Q3,2024,Alto Valor
145,2024-07-29,Cliente_ 14,Smartphone,Celulares,Sul,5.0,2200.0,11000.0,7,Q3,2024,Alto Valor
146,2024-01-06,Cliente_ 17,Notebook,Computadores,Norte,5.0,3500.0,17500.0,1,Q1,2024,Alto Valor
147,2024-06-12,Cliente_ 28,Notebook,Computadores,Norte,2.0,3500.0,7000.0,6,Q2,2024,Alto Valor
149,2024-03-12,Cliente_ 18,Notebook,Computadores,Sul,2.0,3500.0,7000.0,3,Q1,2024,Alto Valor
150,2024-05-19,Cliente_ 23,Mouse,Periféricos,Nordeste,3.0,120.0,360.0,5,Q2,2024,Baixo Valor
151,2024-07-26,Cliente_ 30,Tablet,Celulares,Sudeste,5.0,1800.0,9000.0,7,Q3,2024,Alto Valor
152,2024-01-05,Cliente_ 10,Notebook,Computadores,Norte,5.0,3500.0,17500.0,1,Q1,2024,Alto Valor
153,2024-11-21,Cliente_ 09,Monitor,Computadores,Norte,4.0,1200.0,4800.0,11,Q4,2024,Médio Valor
155,2024-03-10,Cliente_ 27,Monitor,Computadores,Centro-Oeste,8.0,1200.0,9600.0,3,Q1,2024,Alto Valor
156,2024-11-03,Cliente_ 09,Mouse,Periféricos,Nordeste,9.0,120.0,1080.0,11,Q4,2024,Médio Valor
157,2024-02-24,Cliente_ 26,Tablet,Celulares,Norte,2.0,1800.0,3600.0,2,Q1,2024,Médio Valor
158,2024-06-03,Cliente_ 23,Mouse,Periféricos,Sudeste,3.0,120.0,360.0,6,Q2,2024,Baixo Valor
159,2024-04-25,Cliente_ 18,Mouse,Periféricos,Nordeste,3.0,120.0,360.0,4,Q2,2024,Baixo Valor
160,2024-02-11,Cliente_ 20,Notebook,Computadores,Sudeste,8.0,3500.0,28000.0,2,Q1,2024,Alto Valor
161,2024-12-01,Cliente_ 14,Tablet,Celulares,Norte,4.0,1800.0,7200.0,12,Q4,2024,Alto Valor
162,2024-03-02,Cliente_ 25,Tablet,Celulares,Centro-Oeste,7.0,1800.0,12600.0,3,Q1,2024,Alto Valor
164,2024-04-13,Cliente_ 24,Mouse,Periféricos,Sudeste,5.0,120.0,600.0,4,Q2,2024,Médio Valor
165,2024-07-20,Cliente_ 18,Teclado,Periféricos,Sudeste,4.0,250.0,1000.0,7,Q3,2024,Médio Valor
166,2024-09-19,Cliente_ 18,Smartphone,Celulares,Centro-Oeste,3.0,2200.0,6600.0,9,Q3,2024,Alto Valor
168,2024-09-21,Cliente_ 19,Notebook,Computadores,Centro-Oeste,7.0,3500.0,24500.0,9,Q3,2024,Alto Valor
169,2024-11-19,Cliente_ 22,Mouse,Periféricos,Centro-Oeste,8.0,120.0,960.0,11,Q4,2024,Médio Valor
171,2024-09-29,Cliente_ 11,Teclado,Periféricos,Nordeste,6.0,250.0,1500.0,9,Q3,2024,Médio Valor
174,2024-03-15,Cliente_ 22,Monitor,Computadores,Sudeste,7.0,1200.0,8400.0,3,Q1,2024,Alto Valor
175,2024-06-23,Cliente_ 06,Mouse,Periféricos,Centro-Oeste,1.0,120.0,120.0,6,Q2,2024,Baixo Valor
177,2024-04-05,Cliente_ 19,Mouse,Periféricos,Sul,10.0,120.0,1200.0,4,Q2,2024,Médio Valor
178,2024-07-31,Cliente_ 13,Smartphone,Celulares,Nordeste,5.0,2200.0,11000.0,7,Q3,2024,Alto Valor
179,2024-04-26,Cliente_ 10,Mouse,Periféricos,Nordeste,6.0,120.0,720.0,4,Q2,2024,Médio Valor
180,2024-05-20,Cliente_ 13,Tablet,Celulares,Nordeste,3.0,1800.0,5400.0,5,Q2,2024,Alto Valor
181,2024-11-24,Cliente_ 13,Mouse,Periféricos,Centro-Oeste,2.0,120.0,240.0,11,Q4,2024,Baixo Valor
182,2024-08-13,Cliente_ 08,Notebook,Computadores,Sul,4.0,3500.0,14000.0,8,Q3,2024,Alto Valor
183,2024-02-02,Cliente_ 22,Tablet,Celulares,Sudeste,8.0,1800.0,14400.0,2,Q1,2024,Alto Valor
184,2024-05-29,Cliente_ 04,Smartphone,Celulares,Norte,6.0,2200.0,13200.0,5,Q2,2024,Alto Valor
185,2024-09-24,Cliente_ 28,Smartphone,Celulares,Sudeste,3.0,2200.0,6600.0,9,Q3,2024,Alto Valor
186,2024-03-24,Cliente_ 23,Tablet,Celulares,Centro-Oeste,1.0,1800.0,1800.0,3,Q1,2024,Médio Valor
187,2024-09-16,Cliente_ 22,Mouse,Periféricos,Sudeste,3.0,120.0,360.0,9,Q3,2024,Baixo Valor
188,2024-05-21,Cliente_ 18,Notebook,Computadores,Sul,1.0,3500.0,3500.0,5,Q2,2024,Médio Valor
189,2024-01-26,Cliente_ 21,Teclado,Periféricos,Nordeste,9.0,250.0,2250.0,1,Q1,2024,Médio Valor
190,2024-11-11,Cliente_ 13,Monitor,Computadores,Norte,8.0,1200.0,9600.0,11,Q4,2024,Alto Valor
191,2024-12-27,Cliente_ 18,Mouse,Periféricos,Nordeste,4.0,120.0,480.0,12,Q4,2024,Baixo Valor
192,2024-09-18,Cliente_ 03,Monitor,Computadores,Sul,10.0,1200.0,12000.0,9,Q3,2024,Alto Valor
193,2024-11-13,Cliente_ 18,Notebook,Computadores,Sudeste,3.0,3500.0,10500.0,11,Q4,2024,Alto Valor
195,2024-09-11,Cliente_ 07,Smartphone,Celulares,Norte,2.0,2200.0,4400.0,9,Q3,2024,Médio Valor
196,2024-11-01,Cliente_ 12,Notebook,Computadores,Norte,4.0,3500.0,14000.0,11,Q4,2024,Alto Valor
197,2024-05-28,Cliente_ 30,Mouse,Periféricos,Sudeste,8.0,120.0,960.0,5,Q2,2024,Médio Valor
198,2024-01-10,Cliente_ 24,Monitor,Computadores,Centro-Oeste,5.0,1200.0,6000.0,1,Q1,2024,Alto Valor
201,2024-06-22,Cliente_ 14,Tablet,Celulares,Sudeste,1.0,1800.0,1800.0,6,Q2,2024,Médio Valor
202,2024-09-19,Cliente_ 30,Tablet,Celulares,Centro-Oeste,6.0,1800.0,10800.0,9,Q3,2024,Alto Valor
203,2024-08-28,Cliente_ 21,Monitor,Computadores,Sul,10.0,1200.0,12000.0,8,Q3,2024,Alto Valor
204,2024-08-07,Cliente_ 05,Teclado,Periféricos,Norte,1.0,250.0,250.0,8,Q3,2024,Baixo Valor
205,2024-03-19,Cliente_ 18,Monitor,Computadores,Nordeste,4.0,1200.0,4800.0,3,Q1,2024,Médio Valor
206,2024-11-18,Cliente_ 26,Teclado,Periféricos,Sul,4.0,250.0,1000.0,11,Q4,2024,Médio Valor
207,2024-11-06,Cliente_ 20,Smartphone,Celulares,Norte,5.0,2200.0,11000.0,11,Q4,2024,Alto Valor
208,2024-06-26,Cliente_ 15,Mouse,Periféricos,Centro-Oeste,5.0,120.0,600.0,6,Q2,2024,Médio Valor
210,2024-09-11,Cliente_ 25,Mouse,Periféricos,Nordeste,3.0,120.0,360.0,9,Q3,2024,Baixo Valor
211,2024-03-23,Cliente_ 19,Tablet,Celulares,Centro-Oeste,6.0,1800.0,10800.0,3,Q1,2024,Alto Valor
212,2024-03-02,Cliente_ 21,Teclado,Periféricos,Sudeste,6.0,250.0,1500.0,3,Q1,2024,Médio Valor
213,2024-01-25,Cliente_ 09,Smartphone,Celulares,Centro-Oeste,4.0,2200.0,8800.0,1,Q1,2024,Alto Valor
214,2024-11-03,Cliente_ 24,Smartphone,Celulares,Centro-Oeste,10.0,2200.0,22000.0,11,Q4,2024,Alto Valor
215,2024-10-06,Cliente_ 19,Teclado,Periféricos,Norte,6.0,250.0,1500.0,10,Q4,2024,Médio Valor
216,2024-09-25,Cliente_ 24,Smartphone,Celulares,Norte,10.0,2200.0,22000.0,9,Q3,2024,Alto Valor
217,2024-04-12,Cliente_ 08,Monitor,Computadores,Nordeste,10.0,1200.0,12000.0,4,Q2,2024,Alto Valor
218,2024-05-09,Cliente_ 24,Tablet,Celulares,Centro-Oeste,8.0,1800.0,14400.0,5,Q2,2024,Alto Valor
219,2024-07-14,Cliente_ 09,Teclado,Periféricos,Sul,10.0,250.0,2500.0,7,Q3,2024,Médio Valor
220,2024-12-09,Cliente_ 02,Monitor,Computadores,Centro-Oeste,9.0,1200.0,10800.0,12,Q4,2024,Alto Valor
222,2024-03-16,Cliente_ 27,Notebook,Computadores,Nordeste,8.0,3500.0,28000.0,3,Q1,2024,Alto Valor
223,2024-03-14,Cliente_ 10,Teclado,Periféricos,Centro-Oeste,9.0,250.0,2250.0,3,Q1,2024,Médio Valor
224,2024-10-16,Cliente_ 16,Monitor,Computadores,Sul,4.0,1200.0,4800.0,10,Q4,2024,Médio Valor
225,2024-06-19,Cliente_ 09,Mouse,Periféricos,Centro-Oeste,8.0,120.0,960.0,6,Q2,2024,Médio Valor
226,2024-03-02,Cliente_ 17,Tablet,Celulares,Sudeste,1.0,1800.0,1800.0,3,Q1,2024,Médio Valor
227,2024-08-28,Cliente_ 30,Notebook,Computadores,Sul,6.0,3500.0,21000.0,8,Q3,2024,Alto Valor
228,2024-05-11,Cliente_ 08,Mouse,Periféricos,Sul,2.0,120.0,240.0,5,Q2,2024,Baixo Valor
229,2024-05-12,Cliente_ 25,Mouse,Periféricos,Norte,6.0,120.0,720.0,5,Q2,2024,Médio Valor
230,2024-10-26,Cliente_ 16,Teclado,Periféricos,Norte,3.0,250.0,750.0,10,Q4,2024,Médio Valor
231,2024-05-03,Cliente_ 25,Teclado,Periféricos,Nordeste,3.0,250.0,750.0,5,Q2,2024,Médio Valor
232,2024-03-10,Cliente_ 18,Smartphone,Celulares,Nordeste,6.0,2200.0,13200.0,3,Q1,2024,Alto Valor
233,2024-09-15,Cliente_ 24,Teclado,Periféricos,Norte,10.0,250.0,2500.0,9,Q3,2024,Médio Valor
234,2024-03-09,Cliente_ 05,Teclado,Periféricos,Nordeste,10.0,250.0,2500.0,3,Q1,2024,Médio Valor
235,2024-05-19,Cliente_ 08,Tablet,Celulares,Sudeste,2.0,1800.0,3600.0,5,Q2,2024,Médio Valor
236,2024-05-06,Cliente_ 25,Monitor,Computadores,Centro-Oeste,7.0,1200.0,8400.0,5,Q2,2024,Alto Valor
238,2024-11-03,Cliente_ 19,Tablet,Celulares,Norte,6.0,1800.0,10800.0,11,Q4,2024,Alto Valor
239,2024-07-14,Cliente_ 21,Mouse,Periféricos,Sul,10.0,120.0,1200.0,7,Q3,2024,Médio Valor
241,2024-07-07,Cliente_ 15,Mouse,Periféricos,Centro-Oeste,2.0,120.0,240.0,7,Q3,2024,Baixo Valor
242,2024-09-03,Cliente_ 18,Mouse,Periféricos,Sul,1.0,120.0,120.0,9,Q3,2024,Baixo Valor
243,2024-01-09,Cliente_ 11,Teclado,Periféricos,Sul,7.0,250.0,1750.0,1,Q1,2024,Médio Valor
244,2024-08-26,Cliente_ 16,Teclado,Periféricos,Centro-Oeste,10.0,250.0,2500.0,8,Q3,2024,Médio Valor
246,2024-05-07,Cliente_ 10,Smartphone,Celulares,Sul,4.0,2200.0,8800.0,5,Q2,2024,Alto Valor
247,2024-08-26,Cliente_ 21,Notebook,Computadores,Sudeste,5.0,3500.0,17500.0,8,Q3,2024,Alto Valor
248,2024-01-16,Cliente_ 01,Mouse,Periféricos,Centro-Oeste,4.0,120.0,480.0,1,Q1,2024,Baixo Valor
249,2024-12-26,Cliente_ 01,Smartphone,Celulares,Sul,3.0,2200.0,6600.0,12,Q4,2024,Alto Valor
250,2024-07-26,Cliente_ 26,Mouse,Periféricos,Sul,2.0,120.0,240.0,7,Q3,2024,Baixo Valor
251,2024-10-10,Cliente_ 28,Smartphone,Celulares,Sudeste,4.0,2200.0,8800.0,10,Q4,2024,Alto Valor
252,2024-12-30,Cliente_ 07,Notebook,Computadores,Sudeste,1.0,3500.0,3500.0,12,Q4,2024,Médio Valor
253,2024-05-21,Cliente_ 01,Teclado,Periféricos,Sudeste,6.0,250.0,1500.0,5,Q2,2024,Médio Valor
254,2024-04-27,Cliente_ 04,Teclado,Periféricos,Centro-Oeste,1.0,250.0,250.0,4,Q2,2024,Baixo Valor
255,2024-11-28,Cliente_ 04,Teclado,Periféricos,Centro-Oeste,5.0,250.0,1250.0,11,Q4,2024,Médio Valor
257,2024-04-15,Cliente_ 11,Notebook,Computadores,Sul,3.0,3500.0,10500.0,4,Q2,2024,Alto Valor
258,2024-02-26,Cliente_ 13,Tablet,Celulares,Sudeste,6.0,1800.0,10800.0,2,Q1,2024,Alto Valor
259,2024-09-15,Cliente_ 13,Monitor,Computadores,Centro-Oeste,1.0,1200.0,1200.0,9,Q3,2024,Médio Valor
261,2024-12-16,Cliente_ 04,Mouse,Periféricos,Nordeste,10.0,120.0,1200.0,12,Q4,2024,Médio Valor
262,2024-10-13,Cliente_ 01,Notebook,Computadores,Nordeste,6.0,3500.0,21000.0,10,Q4,2024,Alto Valor
263,2024-08-07,Cliente_ 24,Monitor,Computadores,Centro-Oeste,8.0,1200.0,9600.0,8,Q3,2024,Alto Valor
264,2024-04-28,Cliente_ 20,Mouse,Periféricos,Centro-Oeste,9.0,120.0,1080.0,4,Q2,2024,Médio Valor
266,2024-08-20,Cliente_ 11,Teclado,Periféricos,Sudeste,9.0,250.0,2250.0,8,Q3,2024,Médio Valor
267,2024-06-29,Cliente_ 02,Tablet,Celulares,Centro-Oeste,10.0,1800.0,18000.0,6,Q2,2024,Alto Valor
268,2024-02-26,Cliente_ 09,Monitor,Computadores,Norte,6.0,1200.0,7200.0,2,Q1,2024,Alto Valor
270,2024-05-31,Cliente_ 09,Mouse,Periféricos,Nordeste,9.0,120.0,1080.0,5,Q2,2024,Médio Valor
271,2024-01-29,Cliente_ 23,Monitor,Computadores,Sudeste,1.0,1200.0,1200.0,1,Q1,2024,Médio Valor
272,2024-01-17,Cliente_ 09,Mouse,Periféricos,Nordeste,4.0,120.0,480.0,1,Q1,2024,Baixo Valor
273,2024-05-19,Cliente_ 10,Teclado,Periféricos,Norte,8.0,250.0,2000.0,5,Q2,2024,Médio Valor
274,2024-03-01,Cliente_ 25,Teclado,Periféricos,Sudeste,5.0,250.0,1250.0,3,Q1,2024,Médio Valor
275,2024-07-01,Cliente_ 30,Mouse,Periféricos,Norte,3.0,120.0,360.0,7,Q3,2024,Baixo Valor
276,2024-11-04,Cliente_ 12,Tablet,Celulares,Sudeste,7.0,1800.0,12600.0,11,Q4,2024,Alto Valor
277,2024-02-15,Cliente_ 30,Tablet,Celulares,Sul,2.0,1800.0,3600.0,2,Q1,2024,Médio Valor
278,2024-05-09,Cliente_ 29,Notebook,Computadores,Norte,6.0,3500.0,21000.0,5,Q2,2024,Alto Valor
279,2024-11-29,Cliente_ 23,Monitor,Computadores,Norte,6.0,1200.0,7200.0,11,Q4,2024,Alto Valor
280,2024-02-12,Cliente_ 16,Monitor,Computadores,Nordeste,5.0,1200.0,6000.0,2,Q1,2024,Alto Valor
281,2024-11-03,Cliente_ 24,Tablet,Celulares,Centro-Oeste,7.0,1800.0,12600.0,11,Q4,2024,Alto Valor
283,2024-05-06,Cliente_ 08,Tablet,Celulares,Norte,3.0,1800.0,5400.0,5,Q2,2024,Alto Valor
284,2024-09-12,Cliente_ 26,Monitor,Computadores,Nordeste,7.0,1200.0,8400.0,9,Q3,2024,Alto Valor
285,2024-04-10,Cliente_ 11,Monitor,Computadores,Sul,10.0,1200.0,12000.0,4,Q2,2024,Alto Valor
286,2024-06-30,Cliente_ 15,Teclado,Periféricos,Norte,1.0,250.0,250.0,6,Q2,2024,Baixo Valor
287,2024-06-26,Cliente_ 20,Mouse,Periféricos,Sul,5.0,120.0,600.0,6,Q2,2024,Médio Valor
288,2024-03-15,Cliente_ 05,Notebook,Computadores,Nordeste,8.0,3500.0,28000.0,3,Q1,2024,Alto Valor
289,2024-04-08,Cliente_ 07,Notebook,Computadores,Nordeste,4.0,3500.0,14000.0,4,Q2,2024,Alto Valor
290,2024-12-26,Cliente_ 23,Monitor,Computadores,Sudeste,2.0,1200.0,2400.0,12,Q4,2024,Médio Valor
291,2024-04-22,Cliente_ 11,Mouse,Periféricos,Nordeste,3.0,120.0,360.0,4,Q2,2024,Baixo Valor
292,2024-09-14,Cliente_ 13,Smartphone,Celulares,Centro-Oeste,4.0,2200.0,8800.0,9,Q3,2024,Alto Valor
293,2024-12-04,Cliente_ 21,Smartphone,Celulares,Centro-Oeste,9.0,2200.0,19800.0,12,Q4,2024,Alto Valor
294,2024-12-28,Cliente_ 21,Tablet,Celulares,Sul,2.0,1800.0,3600.0,12,Q4,2024,Médio Valor
295,2024-02-15,Cliente_ 30,Tablet,Celulares,Centro-Oeste,5.0,1800.0,9000.0,2,Q1,2024,Alto Valor
296,2024-06-17,Cliente_ 11,Monitor,Computadores,Sul,10.0,1200.0,12000.0,6,Q2,2024,Alto Valor
297,2024-02-20,Cliente_ 18,Notebook,Computadores,Sul,2.0,3500.0,7000.0,2,Q1,2024,Alto Valor
299,2024-03-06,Cliente_ 18,Monitor,Computadores,Sul,6.0,1200.0,7200.0,3,Q1,2024,Alto Valor
300,2024-03-01,Cliente_ 09,Teclado,Periféricos,Sudeste,7.0,250.0,1750.0,3,Q1,2024,Médio Valor
301,2024-01-22,Cliente_ 21,Mouse,Periféricos,Centro-Oeste,9.0,120.0,1080.0,1,Q1,2024,Médio Valor
302,2024-05-16,Cliente_ 16,Monitor,Computadores,Sudeste,8.0,1200.0,9600.0,5,Q2,2024,Alto Valor
303,2024-07-31,Cliente_ 09,Notebook,Computadores,Sul,1.0,3500.0,3500.0,7,Q3,2024,Médio Valor
304,2024-08-16,Cliente_ 21,Monitor,Computadores,Sudeste,6.0,1200.0,7200.0,8,Q3,2024,Alto Valor
305,2024-06-16,Cliente_ 25,Smartphone,Celulares,Nordeste,2.0,2200.0,4400.0,6,Q2,2024,Médio Valor
306,2024-06-17,Cliente_ 02,Monitor,Computadores,Nordeste,7.0,1200.0,8400.0,6,Q2,2024,Alto Valor
307,2024-06-11,Cliente_ 08,Notebook,Computadores,Sul,6.0,3500.0,21000.0,6,Q2,2024,Alto Valor
309,2024-09-09,Cliente_ 22,Monitor,Computadores,Sul,5.0,1200.0,6000.0,9,Q3,2024,Alto Valor
310,2024-08-13,Cliente_ 22,Tablet,Celulares,Sul,4.0,1800.0,7200.0,8,Q3,2024,Alto Valor
311,2024-06-12,Cliente_ 02,Smartphone,Celulares,Nordeste,5.0,2200.0,11000.0,6,Q2,2024,Alto Valor
312,2024-07-25,Cliente_ 28,Teclado,Periféricos,Sudeste,8.0,250.0,2000.0,7,Q3,2024,Médio Valor
313,2024-02-10,Cliente_ 30,Monitor,Computadores,Nordeste,4.0,1200.0,4800.0,2,Q1,2024,Médio Valor
314,2024-07-01,Cliente_ 05,Mouse,Periféricos,Sudeste,8.0,120.0,960.0,7,Q3,2024,Médio Valor
315,2024-03-19,Cliente_ 10,Tablet,Celulares,Nordeste,8.0,1800.0,14400.0,3,Q1,2024,Alto Valor
316,2024-12-19,Cliente_ 13,Monitor,Computadores,Norte,1.0,1200.0,1200.0,12,Q4,2024,Médio Valor
317,2024-04-06,Cliente_ 24,Tablet,Celulares,Centro-Oeste,6.0,1800.0,10800.0,4,Q2,2024,Alto Valor
319,2024-08-07,Cliente_ 22,Monitor,Computadores,Sul,3.0,1200.0,3600.0,8,Q3,2024,Médio Valor
320,2024-08-10,Cliente_ 05,Monitor,Computadores,Sul,10.0,1200.0,12000.0,8,Q3,2024,Alto Valor
321,2024-02-16,Cliente_ 03,Tablet,Celulares,Nordeste,3.0,1800.0,5400.0,2,Q1,2024,Alto Valor
322,2024-09-28,Cliente_ 18,Smartphone,Celulares,Norte,9.0,2200.0,19800.0,9,Q3,2024,Alto Valor
323,2024-02-08,Cliente_ 01,Teclado,Periféricos,Centro-Oeste,6.0,250.0,1500.0,2,Q1,2024,Médio Valor
324,2024-03-05,Cliente_ 21,Tablet,Celulares,Norte,5.0,1800.0,9000.0,3,Q1,2024,Alto Valor
325,2024-06-11,Cliente_ 13,Teclado,Periféricos,Nordeste,6.0,250.0,1500.0,6,Q2,2024,Médio Valor
326,2024-08-02,Cliente_ 08,Smartphone,Celulares,Sul,10.0,2200.0,22000.0,8,Q3,2024,Alto Valor
327,2024-11-22,Cliente_ 09,Monitor,Computadores,Nordeste,5.0,1200.0,6000.0,11,Q4,2024,Alto Valor
328,2024-07-14,Cliente_ 20,Tablet,Celulares,Centro-Oeste,5.0,1800.0,9000.0,7,Q3,2024,Alto Valor
329,2024-09-01,Cliente_ 29,Smartphone,Celulares,Sul,7.0,2200.0,15400.0,9,Q3,2024,Alto Valor
331,2024-09-25,Cliente_ 28,Notebook,Computadores,Sudeste,2.0,3500.0,7000.0,9,Q3,2024,Alto Valor
332,2024-04-10,Cliente_ 23,Monitor,Computadores,Nordeste,10.0,1200.0,12000.0,4,Q2,2024,Alto Valor
333,2024-03-27,Cliente_ 17,Tablet,Celulares,Centro-Oeste,3.0,1800.0,5400.0,3,Q1,2024,Alto Valor
334,2024-11-22,Cliente_ 17,Monitor,Computadores,Sudeste,10.0,1200.0,12000.0,11,Q4,2024,Alto Valor
335,2024-09-09,Cliente_ 04,Tablet,Celulares,Norte,4.0,1800.0,7200.0,9,Q3,2024,Alto Valor
336,2024-10-07,Cliente_ 09,Smartphone,Celulares,Centro-Oeste,7.0,2200.0,15400.0,10,Q4,2024,Alto Valor
337,2024-05-13,Cliente_ 21,Monitor,Computadores,Sul,7.0,1200.0,8400.0,5,Q2,2024,Alto Valor
338,2024-11-12,Cliente_ 24,Notebook,Computadores,Centro-Oeste,2.0,3500.0,7000.0,11,Q4,2024,Alto Valor
339,2024-07-01,Cliente_ 08,Mouse,Periféricos,Centro-Oeste,1.0,120.0,120.0,7,Q3,2024,Baixo Valor
340,2024-02-22,Cliente_ 16,Notebook,Computadores,Centro-Oeste,4.0,3500.0,14000.0,2,Q1,2024,Alto Valor
341,2024-11-07,Cliente_ 28,Teclado,Periféricos,Centro-Oeste,6.0,250.0,1500.0,11,Q4,2024,Médio Valor
342,2024-05-05,Cliente_ 12,Teclado,Periféricos,Sudeste,5.0,250.0,1250.0,5,Q2,2024,Médio Valor
343,2024-06-25,Cliente_ 24,Teclado,Periféricos,Nordeste,4.0,250.0,1000.0,6,Q2,2024,Médio Valor
345,2024-12-06,Cliente_ 21,Teclado,Periféricos,Centro-Oeste,8.0,250.0,2000.0,12,Q4,2024,Médio Valor
346,2024-01-11,Cliente_ 21,Notebook,Computadores,Sul,1.0,3500.0,3500.0,1,Q1,2024,Médio Valor
349,2024-03-14,Cliente_ 09,Teclado,Periféricos,Centro-Oeste,9.0,250.0,2250.0,3,Q1,2024,Médio Valor
350,2024-06-22,Cliente_ 05,Teclado,Periféricos,Norte,5.0,250.0,1250.0,6,Q2,2024,Médio Valor
351,2024-09-12,Cliente_ 27,Teclado,Periféricos,Sudeste,4.0,250.0,1000.0,9,Q3,2024,Médio Valor
352,2024-11-07,Cliente_ 23,Monitor,Computadores,Nordeste,3.0,1200.0,3600.0,11,Q4,2024,Médio Valor
353,2024-06-15,Cliente_ 12,Notebook,Computadores,Centro-Oeste,5.0,3500.0,17500.0,6,Q2,2024,Alto Valor
354,2024-07-03,Cliente_ 21,Smartphone,Celulares,Sudeste,9.0,2200.0,19800.0,7,Q3,2024,Alto Valor
355,2024-12-08,Cliente_ 27,Teclado,Periféricos,Norte,4.0,250.0,1000.0,12,Q4,2024,Médio Valor
356,2024-03-26,Cliente_ 18,Notebook,Computadores,Centro-Oeste,6.0,3500.0,21000.0,3,Q1,2024,Alto Valor
357,2024-06-10,Cliente_ 22,Monitor,Computadores,Centro-Oeste,5.0,1200.0,6000.0,6,Q2,2024,Alto Valor
358,2024-06-09,Cliente_ 10,Notebook,Computadores,Sul,6.0,3500.0,21000.0,6,Q2,2024,Alto Valor
359,2024-09-11,Cliente_ 10,Mouse,Periféricos,Sudeste,6.0,120.0,720.0,9,Q3,2024,Médio Valor
360,2024-04-30,Cliente_ 26,Mouse,Periféricos,Norte,8.0,120.0,960.0,4,Q2,2024,Médio Valor
362,2024-04-04,Cliente_ 15,Notebook,Computadores,Centro-Oeste,6.0,3500.0,21000.0,4,Q2,2024,Alto Valor
364,2024-11-30,Cliente_ 16,Notebook,Computadores,Sudeste,1.0,3500.0,3500.0,11,Q4,2024,Médio Valor
365,2024-06-03,Cliente_ 15,Monitor,Computadores,Nordeste,5.0,1200.0,6000.0,6,Q2,2024,Alto Valor
366,2024-10-30,Cliente_ 27,Tablet,Celulares,Nordeste,10.0,1800.0,18000.0,10,Q4,2024,Alto Valor
367,2024-06-02,Cliente_ 24,Tablet,Celulares,Norte,5.0,1800.0,9000.0,6,Q2,2024,Alto Valor
368,2024-08-15,Cliente_ 23,Mouse,Periféricos,Sudeste,3.0,120.0,360.0,8,Q3,2024,Baixo Valor
369,2024-04-03,Cliente_ 04,Smartphone,Celulares,Centro-Oeste,2.0,2200.0,4400.0,4,Q2,2024,Médio Valor
371,2024-02-07,Cliente_ 06,Monitor,Computadores,Nordeste,9.0,1200.0,10800.0,2,Q1,2024,Alto Valor
372,2024-08-08,Cliente_ 17,Notebook,Computadores,Centro-Oeste,1.0,3500.0,3500.0,8,Q3,2024,Médio Valor
373,2024-02-21,Cliente_ 26,Monitor,Computadores,Norte,2.0,1200.0,2400.0,2,Q1,2024,Médio Valor
374,2024-08-03,Cliente_ 08,Tablet,Celulares,Centro-Oeste,7.0,1800.0,12600.0,8,Q3,2024,Alto Valor
376,2024-04-30,Cliente_ 04,Smartphone,Celulares,Centro-Oeste,8.0,2200.0,17600.0,4,Q2,2024,Alto Valor
377,2024-11-18,Cliente_ 07,Tablet,Celulares,Centro-Oeste,1.0,1800.0,1800.0,11,Q4,2024,Médio Valor
378,2024-08-13,Cliente_ 03,Notebook,Computadores,Centro-Oeste,2.0,3500.0,7000.0,8,Q3,2024,Alto Valor
379,2024-04-29,Cliente_ 30,Tablet,Celulares,Sudeste,8.0,1800.0,14400.0,4,Q2,2024,Alto Valor
380,2024-06-19,Cliente_ 14,Notebook,Computadores,Sul,6.0,3500.0,21000.0,6,Q2,2024,Alto Valor
381,2024-01-25,Cliente_ 23,Notebook,Computadores,Sudeste,6.0,3500.0,21000.0,1,Q1,2024,Alto Valor
382,2024-12-18,Cliente_ 13,Monitor,Computadores,Nordeste,6.0,1200.0,7200.0,12,Q4,2024,Alto Valor
383,2024-12-10,Cliente_ 11,Smartphone,Celulares,Centro-Oeste,6.0,2200.0,13200.0,12,Q4,2024,Alto Valor
384,2024-11-15,Cliente_ 14,Monitor,Computadores,Sul,4.0,1200.0,4800.0,11,Q4,2024,Médio Valor
386,2024-04-11,Cliente_ 25,Mouse,Periféricos,Sudeste,1.0,120.0,120.0,4,Q2,2024,Baixo Valor
387,2024-11-26,Cliente_ 09,Notebook,Computadores,Nordeste,4.0,3500.0,14000.0,11,Q4,2024,Alto Valor
388,2024-12-05,Cliente_ 10,Notebook,Computadores,Sul,8.0,3500.0,28000.0,12,Q4,2024,Alto Valor
389,2024-02-01,Cliente_ 22,Notebook,Computadores,Centro-Oeste,1.0,3500.0,3500.0,2,Q1,2024,Médio Valor
390,2024-01-23,Cliente_ 15,Notebook,Computadores,Norte,4.0,3500.0,14000.0,1,Q1,2024,Alto Valor
391,2024-07-02,Cliente_ 24,Teclado,Periféricos,Centro-Oeste,3.0,250.0,750.0,7,Q3,2024,Médio Valor
392,2024-09-16,Cliente_ 24,Mouse,Periféricos,Sudeste,10.0,120.0,1200.0,9,Q3,2024,Médio Valor
394,2024-03-03,Cliente_ 11,Smartphone,Celulares,Norte,5.0,2200.0,11000.0,3,Q1,2024,Alto Valor
395,2024-06-23,Cliente_ 28,Tablet,Celulares,Sul,7.0,1800.0,12600.0,6,Q2,2024,Alto Valor
396,2024-03-29,Cliente_ 05,Smartphone,Celulares,Nordeste,6.0,2200.0,13200.0,3,Q1,2024,Alto Valor
397,2024-05-26,Cliente_ 22,Smartphone,Celulares,Nordeste,2.0,2200.0,4400.0,5,Q2,2024,Médio Valor
398,2024-04-01,Cliente_ 16,Smartphone,Celulares,Centro-Oeste,10.0,2200.0,22000.0,4,Q2,2024,Alto Valor
399,2024-10-11,Cliente_ 03,Monitor,Computadores,Nordeste,6.0,1200.0,7200.0,10,Q4,2024,Alto Valor
400,2024-02-19,Cliente_ 06,Tablet,Celulares,Centro-Oeste,7.0,1800.0,12600.0,2,Q1,2024,Alto Valor
401,2024-01-15,Cliente_ 03,Tablet,Celulares,Nordeste,2.0,1800.0,3600.0,1,Q1,2024,Médio Valor
402,2024-04-21,Cliente_ 20,Mouse,Periféricos,Centro-Oeste,10.0,120.0,1200.0,4,Q2,2024,Médio Valor
403,2024-01-17,Cliente_ 30,Smartphone,Celulares,Sudeste,5.0,2200.0,11000.0,1,Q1,2024,Alto Valor
404,2024-05-22,Cliente_ 30,Monitor,Computadores,Sudeste,8.0,1200.0,9600.0,5,Q2,2024,Alto Valor
405,2024-04-12,Cliente_ 14,Tablet,Celulares,Sudeste,2.0,1800.0,3600.0,4,Q2,2024,Médio Valor
406,2024-08-13,Cliente_ 24,Smartphone,Celulares,Sudeste,7.0,2200.0,15400.0,8,Q3,2024,Alto Valor
407,2024-11-28,Cliente_ 19,Smartphone,Celulares,Sudeste,9.0,2200.0,19800.0,11,Q4,2024,Alto Valor
408,2024-10-02,Cliente_ 30,Monitor,Computadores,Nordeste,4.0,1200.0,4800.0,10,Q4,2024,Médio Valor
409,2024-02-25,Cliente_ 16,Monitor,Computadores,Centro-Oeste,9.0,1200.0,10800.0,2,Q1,2024,Alto Valor
410,2024-12-01,Cliente_ 18,Smartphone,Celulares,Nordeste,1.0,2200.0,2200.0,12,Q4,2024,Médio Valor
411,2024-07-06,Cliente_ 01,Smartphone,Celulares,Sul,5.0,2200.0,11000.0,7,Q3,2024,Alto Valor
412,2024-08-16,Cliente_ 11,Mouse,Periféricos,Norte,8.0,120.0,960.0,8,Q3,2024,Médio Valor
413,2024-12-16,Cliente_ 06,Tablet,Celulares,Norte,9.0,1800.0,16200.0,12,Q4,2024,Alto Valor
416,2024-12-29,Cliente_ 01,Smartphone,Celulares,Sul,6.0,2200.0,13200.0,12,Q4,2024,Alto Valor
417,2024-02-01,Cliente_ 29,Smartphone,Celulares,Centro-Oeste,7.0,2200.0,15400.0,2,Q1,2024,Alto Valor
418,2024-08-09,Cliente_ 25,Smartphone,Celulares,Nordeste,5.0,2200.0,11000.0,8,Q3,2024,Alto Valor
419,2024-05-15,Cliente_ 05,Mouse,Periféricos,Nordeste,5.0,120.0,600.0,5,Q2,2024,Médio Valor
420,2024-04-16,Cliente_ 10,Monitor,Computadores,Sudeste,9.0,1200.0,10800.0,4,Q2,2024,Alto Valor
422,2024-04-09,Cliente_ 13,Smartphone,Celulares,Nordeste,8.0,2200.0,17600.0,4,Q2,2024,Alto Valor
423,2024-08-11,Cliente_ 17,Tablet,Celulares,Centro-Oeste,5.0,1800.0,9000.0,8,Q3,2024,Alto Valor
424,2024-07-02,Cliente_ 09,Tablet,Celulares,Nordeste,3.0,1800.0,5400.0,7,Q3,2024,Alto Valor
425,2024-12-14,Cliente_ 06,Monitor,Computadores,Nordeste,10.0,1200.0,12000.0,12,Q4,2024,Alto Valor
427,2024-07-18,Cliente_ 13,Monitor,Computadores,Sul,7.0,1200.0,8400.0,7,Q3,2024,Alto Valor
428,2024-12-27,Cliente_ 29,Monitor,Computadores,Sul,5.0,1200.0,6000.0,12,Q4,2024,Alto Valor
429,2024-01-27,Cliente_ 16,Smartphone,Celulares,Sudeste,10.0,2200.0,22000.0,1,Q1,2024,Alto Valor
430,2024-02-29,Cliente_ 13,Teclado,Periféricos,Sudeste,7.0,250.0,1750.0,2,Q1,2024,Médio Valor
431,2024-10-10,Cliente_ 06,Teclado,Periféricos,Centro-Oeste,8.0,250.0,2000.0,10,Q4,2024,Médio Valor
432,2024-09-14,Cliente_ 28,Monitor,Computadores,Nordeste,8.0,1200.0,9600.0,9,Q3,2024,Alto Valor
433,2024-08-21,Cliente_ 01,Smartphone,Celulares,Centro-Oeste,6.0,2200.0,13200.0,8,Q3,2024,Alto Valor
434,2024-06-26,Cliente_ 06,Smartphone,Celulares,Nordeste,7.0,2200.0,15400.0,6,Q2,2024,Alto Valor
435,2024-09-27,Cliente_ 01,Smartphone,Celulares,Norte,4.0,2200.0,8800.0,9,Q3,2024,Alto Valor
436,2024-11-30,Cliente_ 05,Tablet,Celulares,Nordeste,9.0,1800.0,16200.0,11,Q4,2024,Alto Valor
438,2024-04-11,Cliente_ 23,Monitor,Computadores,Norte,4.0,1200.0,4800.0,4,Q2,2024,Médio Valor
439,2024-09-02,Cliente_ 16,Monitor,Computadores,Nordeste,3.0,1200.0,3600.0,9,Q3,2024,Médio Valor
440,2024-02-15,Cliente_ 06,Monitor,Computadores,Sul,5.0,1200.0,6000.0,2,Q1,2024,Alto Valor
441,2024-07-09,Cliente_ 17,Teclado,Periféricos,Norte,7.0,250.0,1750.0,7,Q3,2024,Médio Valor
442,2024-03-05,Cliente_ 11,Monitor,Computadores,Norte,9.0,1200.0,10800.0,3,Q1,2024,Alto Valor
443,2024-02-04,Cliente_ 05,Teclado,Periféricos,Centro-Oeste,3.0,250.0,750.0,2,Q1,2024,Médio Valor
444,2024-09-16,Cliente_ 12,Smartphone,Celulares,Norte,10.0,2200.0,22000.0,9,Q3,2024,Alto Valor
445,2024-06-09,Cliente_ 22,Smartphone,Celulares,Sudeste,9.0,2200.0,19800.0,6,Q2,2024,Alto Valor
447,2024-11-16,Cliente_ 24,Mouse,Periféricos,Sul,1.0,120.0,120.0,11,Q4,2024,Baixo Valor
448,2024-11-26,Cliente_ 30,Tablet,Celulares,Nordeste,10.0,1800.0,18000.0,11,Q4,2024,Alto Valor
450,2024-04-16,Cliente_ 20,Mouse,Periféricos,Sudeste,4.0,120.0,480.0,4,Q2,2024,Baixo Valor
453,2024-06-02,Cliente_ 10,Monitor,Computadores,Centro-Oeste,3.0,1200.0,3600.0,6,Q2,2024,Médio Valor
454,2024-05-09,Cliente_ 02,Smartphone,Celulares,Centro-Oeste,7.0,2200.0,15400.0,5,Q2,2024,Alto Valor
455,2024-03-20,Cliente_ 04,Notebook,Computadores,Norte,4.0,3500.0,14000.0,3,Q1,2024,Alto Valor
456,2024-02-28,Cliente_ 08,Teclado,Periféricos,Sudeste,10.0,250.0,2500.0,2,Q1,2024,Médio Valor
457,2024-01-24,Cliente_ 14,Tablet,Celulares,Sul,1.0,1800.0,1800.0,1,Q1,2024,Médio Valor
458,2024-08-08,Cliente_ 26,Monitor,Computadores,Nordeste,8.0,1200.0,9600.0,8,Q3,2024,Alto Valor
459,2024-10-10,Cliente_ 19,Mouse,Periféricos,Norte,8.0,120.0,960.0,10,Q4,2024,Médio Valor
460,2024-03-02,Cliente_ 12,Smartphone,Celulares,Nordeste,7.0,2200.0,15400.0,3,Q1,2024,Alto Valor
461,2024-04-01,Cliente_ 17,Teclado,Periféricos,Sul,9.0,250.0,2250.0,4,Q2,2024,Médio Valor
462,2024-06-20,Cliente_ 19,Notebook,Computadores,Centro-Oeste,4.0,3500.0,14000.0,6,Q2,2024,Alto Valor
463,2024-02-26,Cliente_ 08,Monitor,Computadores,Sul,3.0,1200.0,3600.0,2,Q1,2024,Médio Valor
464,2024-06-19,Cliente_ 03,Teclado,Periféricos,Nordeste,5.0,250.0,1250.0,6,Q2,2024,Médio Valor
465,2024-02-07,Cliente_ 13,Tablet,Celulares,Sudeste,2.0,1800.0,3600.0,2,Q1,2024,Médio Valor
466,2024-02-22,Cliente_ 10,Monitor,Computadores,Nordeste,5.0,1200.0,6000.0,2,Q1,2024,Alto Valor
467,2024-10-01,Cliente_ 18,Tablet,Celulares,Sudeste,10.0,1800.0,18000.0,10,Q4,2024,Alto Valor
468,2024-02-16,Cliente_ 01,Notebook,Computadores,Sudeste,4.0,3500.0,14000.0,2,Q1,2024,Alto Valor
469,2024-10-12,Cliente_ 29,Tablet,Celulares,Nordeste,5.0,1800.0,9000.0,10,Q4,2024,Alto Valor
471,2024-08-26,Cliente_ 20,Smartphone,Celulares,Norte,8.0,2200.0,17600.0,8,Q3,2024,Alto Valor
472,2024-03-27,Cliente_ 21,Mouse,Periféricos,Sudeste,10.0,120.0,1200.0,3,Q1,2024,Médio Valor
473,2024-11-18,Cliente_ 05,Mouse,Periféricos,Centro-Oeste,2.0,120.0,240.0,11,Q4,2024,Baixo Valor
474,2024-02-24,Cliente_ 22,Monitor,Computadores,Centro-Oeste,10.0,1200.0,12000.0,2,Q1,2024,Alto Valor
475,2024-05-25,Cliente_ 19,Teclado,Periféricos,Norte,7.0,250.0,1750.0,5,Q2,2024,Médio Valor
476,2024-06-27,Cliente_ 25,Teclado,Periféricos,Nordeste,6.0,250.0,1500.0,6,Q2,2024,Médio Valor
477,2024-10-13,Cliente_ 05,Tablet,Celulares,Sul,8.0,1800.0,14400.0,10,Q4,2024,Alto Valor
478,2024-10-29,Cliente_ 14,Teclado,Periféricos,Centro-Oeste,8.0,250.0,2000.0,10,Q4,2024,Médio Valor
480,2024-08-10,Cliente_ 13,Notebook,Computadores,Sudeste,7.0,3500.0,24500.0,8,Q3,2024,Alto Valor
481,2024-05-31,Cliente_ 13,Smartphone,Celulares,Norte,10.0,2200.0,22000.0,5,Q2,2024,Alto Valor
482,2024-08-20,Cliente_ 17,Monitor,Computadores,Sul,5.0,1200.0,6000.0,8,Q3,2024,Alto Valor
483,2024-06-04,Cliente_ 19,Teclado,Periféricos,Nordeste,1.0,250.0,250.0,6,Q2,2024,Baixo Valor
484,2024-01-10,Cliente_ 03,Teclado,Periféricos,Sul,4.0,250.0,1000.0,1,Q1,2024,Médio Valor
485,2024-08-05,Cliente_ 18,Teclado,Periféricos,Nordeste,2.0,250.0,500.0,8,Q3,2024,Médio Valor
486,2024-08-21,Cliente_ 11,Mouse,Periféricos,Nordeste,9.0,120.0,1080.0,8,Q3,2024,Médio Valor
487,2024-03-05,Cliente_ 23,Monitor,Computadores,Centro-Oeste,5.0,1200.0,6000.0,3,Q1,2024,Alto Valor
489,2024-05-28,Cliente_ 24,Notebook,Computadores,Sudeste,4.0,3500.0,14000.0,5,Q2,2024,Alto Valor
492,2024-05-21,Cliente_ 12,Mouse,Periféricos,Sudeste,10.0,120.0,1200.0,5,Q2,2024,Médio Valor
493,2024-03-29,Cliente_ 24,Monitor,Computadores,Nordeste,6.0,1200.0,7200.0,3,Q1,2024,Alto Valor
494,2024-02-27,Cliente_ 07,Notebook,Computadores,Sul,4.0,3500.0,14000.0,2,Q1,2024,Alto Valor
495,2024-09-27,Cliente_ 23,Monitor,Computadores,Centro-Oeste,9.0,1200.0,10800.0,9,Q3,2024,Alto Valor
496,2024-09-15,Cliente_ 12,Teclado,Periféricos,Norte,4.0,250.0,1000.0,9,Q3,2024,Médio Valor
497,2024-04-17,Cliente_ 07,Notebook,Computadores,Sul,3.0,3500.0,10500.0,4,Q2,2024,Alto Valor
498,2024-12-06,Cliente_ 10,Tablet,Celulares,Centro-Oeste,4.0,1800.0,7200.0,12,Q4,2024,Alto Valor
499,2024-03-25,Cliente_ 11,Teclado,Periféricos,Nordeste,1.0,250.0,250.0,3,Q1,2024,Baixo Valor
500,2024-06-09,Cliente_ 15,Mouse,Periféricos,Nordeste,1.0,120.0,120.0,6,Q2,2024,Baixo Valor
